Best Array,Sample Name
a550810-4323468-051118-541_F07,Monack_01
a550810-4323468-051118-541_F08,Monack_02
a550810-4323468-051118-541_F09,Monack_03
a550810-4323468-051118-541_F10,Monack_04
a550810-4323468-051118-541_F11,Monack_05
a550810-4323468-051118-541_F12,Monack_06
a550810-4323468-051118-541_G01,Monack_07
a550810-4323468-051118-541_G02,Monack_08
a550810-4323468-051118-541_G03,Monack_09
a550810-4323468-051118-541_G04,Monack_10
a550810-4323468-051118-541_G05,Monack_11
a550810-4323468-051118-541_G06,Monack_12
a550810-4323468-051118-541_G07,Monack_13
a550810-4323468-051118-541_G08,Monack_14
a550810-4323468-051118-541_G09,Monack_15
a550810-4323468-051118-541_G10,Monack_16
a550810-4323468-051118-541_G11,Monack_17
a550810-4323468-051118-541_G12,Monack_18
a550810-4323468-051118-541_H01,Monack_19
a550810-4323468-051118-541_H02,Monack_20
a550810-4323468-051118-541_H03,Monack_21
a550810-4323468-051118-541_H04,Monack_22
a550810-4323468-051118-541_H05,Monack_23
a550810-4323468-051118-541_H06,Monack_24
a550810-4323468-051118-541_H07,Monack_25
a550810-4323468-051118-541_H08,Monack_26
a550810-4323468-051118-541_H09,Monack_27
a550810-4323468-051118-541_H10,Monack_28
a550810-4323468-051118-541_H11,Monack_29
a550810-4323468-051118-541_H12,Monack_30
a550810-4323468-051118-543_G05,Monack_31
a550810-4323468-051118-542_G06,Monack_32
a550810-4323468-051118-542_G07,Monack_33
a550810-4323468-051118-542_G08,Monack_34
a550810-4323468-051118-543_G09,Monack_35
a550810-4323468-051118-542_G10,Monack_36
a550810-4323468-051118-542_G11,Monack_37
a550810-4323468-051118-543_G12,Monack_38
a550810-4323468-051118-542_H01,Monack_39
a550810-4323468-051118-542_H02,Monack_40
a550810-4323468-051118-542_H03,Monack_41
a550810-4323468-051118-543_H04,Monack_42
a550810-4323468-051118-542_H05,Monack_43
a550810-4323468-051118-543_H06,Monack_44
a550810-4323468-051118-543_H07,Monack_45
a550810-4323468-051118-543_H08,Monack_46
a550810-4323468-051118-543_H09,Monack_47
a550810-4323468-051118-542_H10,Monack_48
a550810-4323468-051118-542_H11,Monack_49
a550810-4323468-051118-543_H12,Monack_50
a550810-4323468-051118-543_G04,Monack_Control129
a550810-4323468-051118-540_G05,Monack_M1
a550810-4323468-051118-540_H02,Monack_M10
a550810-4323468-051118-540_H03,Monack_M11
a550810-4323468-051118-540_H04,Monack_M12
a550810-4323468-051118-540_H05,Monack_M13
a550810-4323468-051118-540_H06,Monack_M14
a550810-4323468-051118-540_H07,Monack_M15
a550810-4323468-051118-540_H08,Monack_M16
a550810-4323468-051118-540_H09,Monack_M17
a550810-4323468-051118-540_H10,Monack_M18
a550810-4323468-051118-540_H11,Monack_M19
a550810-4323468-051118-540_G06,Monack_M2
a550810-4323468-051118-540_H12,Monack_M20
a550810-4350750-012419-163_G04,Monack_M21
a550810-4350750-012419-163_G05,Monack_M22
a550810-4350750-012419-163_G06,Monack_M23
a550810-4350750-012419-163_G07,Monack_M24
a550810-4350750-012419-163_G08,Monack_M25
a550810-4350750-012419-163_G09,Monack_M26
a550810-4350750-012419-163_G10,Monack_M27
a550810-4350750-012419-163_G11,Monack_M28
a550810-4350750-012419-163_G12,Monack_M29
a550810-4323468-051118-540_G07,Monack_M3
a550810-4350750-012419-163_H01,Monack_M30
a550810-4350750-012419-163_H02,Monack_M31
a550810-4350750-012419-163_H03,Monack_M32
a550810-4350750-012419-163_H04,Monack_M33
a550810-4350750-012419-163_H05,Monack_M34
a550810-4350750-012419-163_H06,Monack_M35
a550810-4350750-012419-163_H07,Monack_M36
a550810-4350750-012419-163_H08,Monack_M37
a550810-4350750-012419-163_H09,Monack_M38
a550810-4350750-012419-163_H10,Monack_M39
a550810-4323468-051118-540_G08,Monack_M4
a550810-4350750-012419-163_H11,Monack_M40
a550810-4350750-012419-163_H12,Monack_M41
a550810-4350750-012419-164_G03,Monack_M42
a550810-4350750-012419-164_G04,Monack_M43
a550810-4350750-012419-164_G05,Monack_M44
a550810-4350750-012419-164_G06,Monack_M45
a550810-4350750-012419-164_G07,Monack_M46
a550810-4350750-012419-164_G08,Monack_M47
a550810-4350750-012419-164_G09,Monack_M48
a550810-4350750-012419-164_G10,Monack_M49
a550810-4323468-051118-540_G09,Monack_M5
a550810-4350750-012419-164_G11,Monack_M50
a550810-4323468-051118-540_G10,Monack_M6
a550810-4323468-051118-540_G11,Monack_M7
a550810-4323468-051118-540_G12,Monack_M8
a550810-4323468-051118-540_H01,Monack_M9
a550810-4323468-051118-541_A01,Schneider_A01
a550810-4323468-051118-541_A02,Schneider_A02
a550810-4323468-051118-541_A03,Schneider_A03
a550810-4323468-051118-541_A04,Schneider_A04
a550810-4323468-051118-541_A05,Schneider_A05
a550810-4323468-051118-541_A06,Schneider_A06
a550810-4323468-051118-541_A07,Schneider_A07
a550810-4323468-051118-541_A08,Schneider_A08
a550810-4323468-051118-541_A09,Schneider_A09
a550810-4323468-051118-541_A10,Schneider_A10
a550810-4323468-051118-541_A11,Schneider_A11
a550810-4323468-051118-541_A12,Schneider_A12
a550810-4323468-051118-541_B01,Schneider_A13
a550810-4323468-051118-541_B02,Schneider_A14
a550810-4323468-051118-541_B03,Schneider_A15
a550810-4323468-051118-541_B04,Schneider_A16
a550810-4323468-051118-541_B05,Schneider_A17
a550810-4323468-051118-541_B06,Schneider_A18
a550810-4323468-051118-541_B07,Schneider_A19
a550810-4323468-051118-541_B08,Schneider_A20
a550810-4323468-051118-541_B09,Schneider_A21
a550810-4323468-051118-541_B10,Schneider_A22
a550810-4323468-051118-541_B11,Schneider_A23
a550810-4323468-051118-541_B12,Schneider_A24
a550810-4323468-051118-541_C01,Schneider_A25
a550810-4323468-051118-541_C02,Schneider_A26
a550810-4323468-051118-541_C03,Schneider_A27
a550810-4323468-051118-541_C04,Schneider_A28
a550810-4323468-051118-541_C05,Schneider_A29
a550810-4323468-051118-541_C06,Schneider_A30
a550810-4323468-051118-541_C07,Schneider_A31
a550810-4323468-051118-541_C08,Schneider_A32
a550810-4323468-051118-541_C09,Schneider_A33
a550810-4323468-051118-541_C10,Schneider_A34
a550810-4323468-051118-541_C11,Schneider_A35
a550810-4323468-051118-541_C12,Schneider_A36
a550810-4323468-051118-541_D01,Schneider_A37
a550810-4323468-051118-541_D02,Schneider_A38
a550810-4323468-051118-541_D03,Schneider_A39
a550810-4323468-051118-541_D04,Schneider_A40
a550810-4323468-051118-541_D05,Schneider_A41
a550810-4323468-051118-541_D06,Schneider_A42
a550810-4323468-051118-541_D07,Schneider_A43
a550810-4323468-051118-541_D08,Schneider_A44
a550810-4323468-051118-541_D09,Schneider_A45
a550810-4323468-051118-541_D10,Schneider_A46
a550810-4323468-051118-541_D11,Schneider_A47
a550810-4323468-051118-541_D12,Schneider_A48
a550810-4323468-051118-541_E01,Schneider_A49
a550810-4323468-051118-541_E02,Schneider_A52
a550810-4323468-051118-541_E03,Schneider_B53
a550810-4350750-012419-164_G12,Schneider_B53.1
a550810-4323468-051118-541_E04,Schneider_B54
a550810-4323468-051118-541_E05,Schneider_B58
a550810-4350750-012419-164_H01,Schneider_B58.1
a550810-4323468-051118-541_E06,Schneider_B59
a550810-4323468-051118-541_E07,Schneider_B63
a550810-4350750-012419-164_H02,Schneider_B63.1
a550810-4323468-051118-541_E08,Schneider_B64
a550810-4323468-051118-541_E09,Schneider_B68
a550810-4350750-012419-164_H05,Schneider_B68.1
a550810-4323468-051118-541_E10,Schneider_B69
a550810-4350750-012419-164_H06,Schneider_B69.1
a550810-4323468-051118-541_E11,Schneider_B73
a550810-4350750-012419-164_H03,Schneider_B73.1
a550810-4323468-051118-541_E12,Schneider_B74
a550810-4350750-012419-164_H04,Schneider_B74.1
a550810-4323468-051118-541_F01,Schneider_B78
a550810-4350750-012419-164_H07,Schneider_B78.1
a550810-4323468-051118-541_F02,Schneider_B79
a550810-4350750-012419-164_H08,Schneider_B79.1
a550810-4323468-051118-541_F03,Schneider_B83
a550810-4350750-012419-164_H09,Schneider_B83.1
a550810-4323468-051118-541_F04,Schneider_B84
a550810-4350750-012419-164_H10,Schneider_B84.1
a550810-4323468-051118-541_F05,Schneider_B88
a550810-4350750-012419-164_H11,Schneider_B88.1
a550810-4323468-051118-541_F06,Schneider_B89
a550810-4350750-012419-164_H12,Schneider_B89.1
a550810-4323468-051118-542_A01,Schneider_C093
a550810-4323468-051118-542_A02,Schneider_C094
a550810-4323468-051118-542_A03,Schneider_C095
a550810-4323468-051118-542_A04,Schneider_C096
a550810-4323468-051118-543_A05,Schneider_C097
a550810-4323468-051118-543_A06,Schneider_C098
a550810-4323468-051118-543_A07,Schneider_C099
a550810-4323468-051118-543_A08,Schneider_C100
a550810-4323468-051118-543_A09,Schneider_C101
a550810-4323468-051118-543_A10,Schneider_C102
a550810-4323468-051118-543_A11,Schneider_C103
a550810-4323468-051118-542_A12,Schneider_C104
a550810-4323468-051118-542_B01,Schneider_C105
a550810-4323468-051118-542_B02,Schneider_C106
a550810-4323468-051118-543_B03,Schneider_C107
a550810-4323468-051118-543_B04,Schneider_C108
a550810-4323468-051118-543_B05,Schneider_C109
a550810-4323468-051118-542_B06,Schneider_C110
a550810-4323468-051118-543_B07,Schneider_C111
a550810-4323468-051118-543_B08,Schneider_C112
a550810-4323468-051118-543_B09,Schneider_C113
a550810-4323468-051118-543_B10,Schneider_C114
a550810-4323468-051118-542_B11,Schneider_C115
a550810-4323468-051118-543_B12,Schneider_C116
a550810-4323468-051118-542_C01,Schneider_C117
a550810-4323468-051118-542_C02,Schneider_C118
a550810-4323468-051118-542_C03,Schneider_C119
a550810-4323468-051118-542_C04,Schneider_C120
a550810-4323468-051118-542_C05,Schneider_C121
a550810-4323468-051118-543_C06,Schneider_C122
a550810-4323468-051118-542_C07,Schneider_C123
a550810-4323468-051118-543_C08,Schneider_C124
a550810-4323468-051118-543_C09,Schneider_C125
a550810-4323468-051118-543_C10,Schneider_C126
a550810-4323468-051118-543_C11,Schneider_C127
a550810-4323468-051118-543_C12,Schneider_C128
a550810-4323468-051118-542_D01,Schneider_C129
a550810-4323468-051118-542_D02,Schneider_C130
a550810-4323468-051118-542_D03,Schneider_C131
a550810-4323468-051118-542_D04,Schneider_C132
a550810-4323468-051118-542_D05,Schneider_C133
a550810-4323468-051118-542_D06,Schneider_C134
a550810-4323468-051118-542_D07,Schneider_C135
a550810-4323468-051118-543_D08,Schneider_C136
a550810-4323468-051118-543_D09,Schneider_C137
a550810-4323468-051118-542_D10,Schneider_C138
a550810-4323468-051118-542_D11,Schneider_C139
a550810-4323468-051118-543_D12,Schneider_C140
a550810-4323468-051118-542_E01,Schneider_C141
a550810-4323468-051118-542_E02,Schneider_C142
a550810-4323468-051118-542_E03,Schneider_C143
a550810-4323468-051118-542_E04,Schneider_C144
a550810-4323468-051118-542_E05,Schneider_C145
a550810-4323468-051118-543_E06,Schneider_C146
a550810-4323468-051118-543_E07,Schneider_C147
a550810-4323468-051118-543_E08,Schneider_C148
a550810-4323468-051118-542_E09,Schneider_C149
a550810-4323468-051118-543_E10,Schneider_C150
a550810-4323468-051118-543_E11,Schneider_C151
a550810-4323468-051118-543_E12,Schneider_C152
a550810-4323468-051118-542_F01,Schneider_C153
a550810-4323468-051118-543_F02,Schneider_C154
a550810-4323468-051118-542_F03,Schneider_C155
a550810-4323468-051118-543_F04,Schneider_C156
a550810-4323468-051118-543_F05,Schneider_C157
a550810-4323468-051118-542_F06,Schneider_C158
a550810-4323468-051118-542_F07,Schneider_C159
a550810-4323468-051118-543_F08,Schneider_C160
a550810-4323468-051118-543_F09,Schneider_C161
a550810-4323468-051118-542_F10,Schneider_C162
a550810-4323468-051118-542_F11,Schneider_C163
a550810-4323468-051118-543_F12,Schneider_C164
a550810-4323468-051118-542_G01,Schneider_C165
a550810-4323468-051118-543_G02,Schneider_C166
a550810-4323468-051118-543_G03,Schneider_C167
a550810-4323468-051118-540_A01,Schneider_D172
a550810-4323468-051118-540_A02,Schneider_D173
a550810-4323468-051118-540_A03,Schneider_D174
a550810-4323468-051118-540_A04,Schneider_D175
a550810-4323468-051118-540_A05,Schneider_D176
a550810-4323468-051118-540_A06,Schneider_D177
a550810-4323468-051118-540_A07,Schneider_D178
a550810-4323468-051118-540_A08,Schneider_D179
a550810-4323468-051118-540_A09,Schneider_D180
a550810-4323468-051118-540_A10,Schneider_D181
a550810-4323468-051118-540_A11,Schneider_D182
a550810-4323468-051118-540_A12,Schneider_D183
a550810-4323468-051118-540_B01,Schneider_D184
a550810-4323468-051118-540_B02,Schneider_D185
a550810-4323468-051118-540_B03,Schneider_D186
a550810-4323468-051118-540_B04,Schneider_D187
a550810-4323468-051118-540_B05,Schneider_D188
a550810-4323468-051118-540_B06,Schneider_D189
a550810-4323468-051118-540_B07,Schneider_D190
a550810-4323468-051118-540_B08,Schneider_D191
a550810-4323468-051118-540_B09,Schneider_D192
a550810-4323468-051118-540_B10,Schneider_D193
a550810-4323468-051118-540_B11,Schneider_D194
a550810-4323468-051118-540_B12,Schneider_D195
a550810-4323468-051118-540_C01,Schneider_D196
a550810-4323468-051118-540_C02,Schneider_D197
a550810-4323468-051118-540_C03,Schneider_D198
a550810-4323468-051118-540_C04,Schneider_D199
a550810-4323468-051118-540_C05,Schneider_D200
a550810-4323468-051118-540_C06,Schneider_D201
a550810-4323468-051118-540_C07,Schneider_D202
a550810-4323468-051118-540_C08,Schneider_D203
a550810-4323468-051118-540_C09,Schneider_D204
a550810-4323468-051118-540_C10,Schneider_D205
a550810-4323468-051118-540_C11,Schneider_D206
a550810-4323468-051118-540_C12,Schneider_D207
a550810-4323468-051118-540_D01,Schneider_D208
a550810-4323468-051118-540_D02,Schneider_D209
a550810-4323468-051118-540_D03,Schneider_D210
a550810-4323468-051118-540_D04,Schneider_D211
a550810-4323468-051118-540_D05,Schneider_D212
a550810-4323468-051118-540_D06,Schneider_D213
a550810-4323468-051118-540_D07,Schneider_D214
a550810-4323468-051118-540_D08,Schneider_D215
a550810-4323468-051118-540_D09,Schneider_D216
a550810-4323468-051118-540_D10,Schneider_D217
a550810-4323468-051118-540_D11,Schneider_D218
a550810-4323468-051118-540_D12,Schneider_D219
a550810-4323468-051118-540_E01,Schneider_D220
a550810-4323468-051118-540_E02,Schneider_D221
a550810-4323468-051118-540_E03,Schneider_D222
a550810-4323468-051118-540_E04,Schneider_D223
a550810-4323468-051118-540_E05,Schneider_D224
a550810-4323468-051118-540_E06,Schneider_D225
a550810-4323468-051118-540_E07,Schneider_D226
a550810-4323468-051118-540_E08,Schneider_D227
a550810-4323468-051118-540_E09,Schneider_D228
a550810-4323468-051118-540_E10,Schneider_D229
a550810-4323468-051118-540_E11,Schneider_D230
a550810-4323468-051118-540_E12,Schneider_D231
a550810-4323468-051118-540_F01,Schneider_D232
a550810-4323468-051118-540_F02,Schneider_D233
a550810-4323468-051118-540_F03,Schneider_D234
a550810-4323468-051118-540_F04,Schneider_D235
a550810-4323468-051118-540_F05,Schneider_D236
a550810-4323468-051118-540_F06,Schneider_D237
a550810-4323468-051118-540_F07,Schneider_D238
a550810-4323468-051118-540_F08,Schneider_D239
a550810-4323468-051118-540_F09,Schneider_D240
a550810-4323468-051118-540_F10,Schneider_D241
a550810-4323468-051118-540_F11,Schneider_D242
a550810-4323468-051118-540_F12,Schneider_D243
a550810-4323468-051118-540_G01,Schneider_D244
a550810-4323468-051118-540_G02,Schneider_D245
a550810-4323468-051118-540_G03,Schneider_D246
a550810-4323468-051118-540_G04,Schneider_D247
a550810-4350750-012419-163_A01,Schneider_E248
a550810-4350750-012419-163_A02,Schneider_E249
a550810-4350750-012419-163_A03,Schneider_E250
a550810-4350750-012419-163_A04,Schneider_E251
a550810-4350750-012419-163_A05,Schneider_E252
a550810-4350750-012419-163_A06,Schneider_E253
a550810-4350750-012419-163_A07,Schneider_E254
a550810-4350750-012419-163_A08,Schneider_E255
a550810-4350750-012419-163_A09,Schneider_E256
a550810-4350750-012419-163_A10,Schneider_E257
a550810-4350750-012419-163_A11,Schneider_E258
a550810-4350750-012419-163_A12,Schneider_E259
a550810-4350750-012419-163_B01,Schneider_E260
a550810-4350750-012419-163_B02,Schneider_E261
a550810-4350750-012419-163_B03,Schneider_E262
a550810-4350750-012419-163_B04,Schneider_E263
a550810-4350750-012419-163_B05,Schneider_E264
a550810-4350750-012419-163_B06,Schneider_E265
a550810-4350750-012419-163_B07,Schneider_E266
a550810-4350750-012419-163_B08,Schneider_E267
a550810-4350750-012419-163_B09,Schneider_E268
a550810-4350750-012419-163_B10,Schneider_E269
a550810-4350750-012419-163_B11,Schneider_E270
a550810-4350750-012419-163_B12,Schneider_E271
a550810-4350750-012419-163_C01,Schneider_E272
a550810-4350750-012419-163_C02,Schneider_E273
a550810-4350750-012419-163_C03,Schneider_E274
a550810-4350750-012419-163_C04,Schneider_E275
a550810-4350750-012419-163_C05,Schneider_E276
a550810-4350750-012419-163_C06,Schneider_E277
a550810-4350750-012419-163_C07,Schneider_E278
a550810-4350750-012419-163_C08,Schneider_E279
a550810-4350750-012419-163_C09,Schneider_E280
a550810-4350750-012419-163_C10,Schneider_E281
a550810-4350750-012419-163_C11,Schneider_E282
a550810-4350750-012419-163_C12,Schneider_E283
a550810-4350750-012419-163_D01,Schneider_E284
a550810-4350750-012419-163_D02,Schneider_E285
a550810-4350750-012419-163_D03,Schneider_E286
a550810-4350750-012419-163_D04,Schneider_E287
a550810-4350750-012419-163_D05,Schneider_E288
a550810-4350750-012419-163_D06,Schneider_E289
a550810-4350750-012419-163_D07,Schneider_E290
a550810-4350750-012419-163_D08,Schneider_E291
a550810-4350750-012419-163_D09,Schneider_E292
a550810-4350750-012419-163_D10,Schneider_E293
a550810-4350750-012419-163_D11,Schneider_E294
a550810-4350750-012419-163_D12,Schneider_E295
a550810-4350750-012419-163_E01,Schneider_E296
a550810-4350750-012419-163_E02,Schneider_E297
a550810-4350750-012419-163_E03,Schneider_E298
a550810-4350750-012419-163_E04,Schneider_E299
a550810-4350750-012419-163_E05,Schneider_E300
a550810-4350750-012419-163_E06,Schneider_E301
a550810-4350750-012419-163_E07,Schneider_E302
a550810-4350750-012419-163_E08,Schneider_E303
a550810-4350750-012419-163_E09,Schneider_E304
a550810-4350750-012419-163_E10,Schneider_E305
a550810-4350750-012419-163_E11,Schneider_E306
a550810-4350750-012419-163_E12,Schneider_E307
a550810-4350750-012419-163_F01,Schneider_E308
a550810-4350750-012419-163_F02,Schneider_E309
a550810-4350750-012419-163_F03,Schneider_E310
a550810-4350750-012419-163_F04,Schneider_E311
a550810-4350750-012419-163_F05,Schneider_E312
a550810-4350750-012419-163_F06,Schneider_E313
a550810-4350750-012419-163_F07,Schneider_E314
a550810-4350750-012419-163_F08,Schneider_E315
a550810-4350750-012419-163_F09,Schneider_E316
a550810-4350750-012419-163_F10,Schneider_E317
a550810-4350750-012419-163_F11,Schneider_E318
a550810-4350750-012419-163_F12,Schneider_E319
a550810-4350750-012419-163_G01,Schneider_E320
a550810-4350750-012419-163_G02,Schneider_E321
a550810-4350750-012419-163_G03,Schneider_E322
a550810-4350750-012419-164_A01,Schneider_F323
a550810-4350750-012419-164_A02,Schneider_F324
a550810-4350750-012419-164_A03,Schneider_F325
a550810-4350750-012419-164_A04,Schneider_F326
a550810-4350750-012419-164_A05,Schneider_F327
a550810-4350750-012419-164_A06,Schneider_F328
a550810-4350750-012419-164_A07,Schneider_F329
a550810-4350750-012419-164_A08,Schneider_F330
a550810-4350750-012419-164_A09,Schneider_F331
a550810-4350750-012419-164_A10,Schneider_F332
a550810-4350750-012419-164_A11,Schneider_F333
a550810-4350750-012419-164_A12,Schneider_F334
a550810-4350750-012419-164_B01,Schneider_F335
a550810-4350750-012419-164_B02,Schneider_F336
a550810-4350750-012419-164_B03,Schneider_F337
a550810-4350750-012419-164_B04,Schneider_F338
a550810-4350750-012419-164_B05,Schneider_F339
a550810-4350750-012419-164_B06,Schneider_F340
a550810-4350750-012419-164_B07,Schneider_F341
a550810-4350750-012419-164_B08,Schneider_F342
a550810-4350750-012419-164_B09,Schneider_F343
a550810-4350750-012419-164_B10,Schneider_F344
a550810-4350750-012419-164_B11,Schneider_F345
a550810-4350750-012419-164_B12,Schneider_F346
a550810-4350750-012419-164_C01,Schneider_F347
a550810-4350750-012419-164_C02,Schneider_F348
a550810-4350750-012419-164_C03,Schneider_F349
a550810-4350750-012419-164_C04,Schneider_F350
a550810-4350750-012419-164_C05,Schneider_F351
a550810-4350750-012419-164_C06,Schneider_F352
a550810-4350750-012419-164_C07,Schneider_F353
a550810-4350750-012419-164_C08,Schneider_F354
a550810-4350750-012419-164_C09,Schneider_F355
a550810-4350750-012419-164_C10,Schneider_F356
a550810-4350750-012419-164_C11,Schneider_F357
a550810-4350750-012419-164_C12,Schneider_F358
a550810-4350750-012419-164_D01,Schneider_F359
a550810-4350750-012419-164_D02,Schneider_F360
a550810-4350750-012419-164_D03,Schneider_F361
a550810-4350750-012419-164_D04,Schneider_F362
a550810-4350750-012419-164_D05,Schneider_F363
a550810-4350750-012419-164_D06,Schneider_F364
a550810-4350750-012419-164_D07,Schneider_F365
a550810-4350750-012419-164_D08,Schneider_F366
a550810-4350750-012419-164_D09,Schneider_F367
a550810-4350750-012419-164_D10,Schneider_F368
a550810-4350750-012419-164_D11,Schneider_F369
a550810-4350750-012419-164_D12,Schneider_F370
a550810-4350750-012419-164_E01,Schneider_F371
a550810-4350750-012419-164_E02,Schneider_F372
a550810-4350750-012419-164_E03,Schneider_F374
a550810-4350750-012419-164_E04,Schneider_F375
a550810-4350750-012419-164_E05,Schneider_F376
a550810-4350750-012419-164_E06,Schneider_F377
a550810-4350750-012419-164_E07,Schneider_F378
a550810-4350750-012419-164_E08,Schneider_F379
a550810-4350750-012419-164_E09,Schneider_F380
a550810-4350750-012419-164_E10,Schneider_F381
a550810-4350750-012419-164_E11,Schneider_F382
a550810-4350750-012419-164_E12,Schneider_F383
a550810-4350750-012419-164_F01,Schneider_F384
a550810-4350750-012419-164_F02,Schneider_F385
a550810-4350750-012419-164_F03,Schneider_F386
a550810-4350750-012419-164_F04,Schneider_F387
a550810-4350750-012419-164_F05,Schneider_F388
a550810-4350750-012419-164_F06,Schneider_F389
a550810-4350750-012419-164_F07,Schneider_F390
a550810-4350750-012419-164_F08,Schneider_F391
a550810-4350750-012419-164_F09,Schneider_F392
a550810-4350750-012419-164_F10,Schneider_F393
a550810-4350750-012419-164_F11,Schneider_F394
a550810-4350750-012419-164_F12,Schneider_F395
a550810-4350750-012419-164_G01,Schneider_F396
a550810-4350750-012419-164_G02,Schneider_F397
a550810-4361240-070819-472_A01,Schneider_G398
a550810-4361240-070819-472_A02,Schneider_G399
a550810-4361240-070819-472_A03,Schneider_G400
a550810-4361240-070819-472_A04,Schneider_G401
a550810-4361240-070819-472_A05,Schneider_G402
a550810-4361240-070819-472_A06,Schneider_G403
a550810-4361240-070819-472_A07,Schneider_G404
a550810-4361240-070819-472_A08,Schneider_G405
a550810-4361240-070819-472_A09,Schneider_G406
a550810-4361240-070819-472_A10,Schneider_G407
a550810-4361240-070819-472_A11,Schneider_G408
a550810-4361240-070819-472_A12,Schneider_G409
a550810-4361240-070819-472_B01,Schneider_G410
a550810-4361240-070819-472_B02,Schneider_G411
a550810-4361240-070819-472_B03,Schneider_G412
a550810-4361240-070819-472_B04,Schneider_G413
a550810-4361240-070819-472_B05,Schneider_G414
a550810-4361240-070819-472_B06,Schneider_G415
a550810-4361240-070819-472_B07,Schneider_G416
a550810-4361240-070819-472_B08,Schneider_G417
a550810-4361240-070819-472_B09,Schneider_G418
a550810-4361240-070819-472_B10,Schneider_G419
a550810-4361240-070819-472_B11,Schneider_G420
a550810-4361240-070819-472_B12,Schneider_G421
a550810-4361240-070819-472_C01,Schneider_G422
a550810-4361240-070819-472_C02,Schneider_G423
a550810-4361240-070819-472_C03,Schneider_G424
a550810-4361240-070819-472_C04,Schneider_G425
a550810-4361240-070819-472_C05,Schneider_G426
a550810-4361240-070819-472_C06,Schneider_G427
a550810-4361240-070819-472_C07,Schneider_G428
a550810-4361240-070819-472_C08,Schneider_G429
a550810-4361240-070819-472_C09,Schneider_G430
a550810-4361240-070819-472_C10,Schneider_G431
a550810-4361240-070819-472_C11,Schneider_G432
a550810-4361240-070819-472_C12,Schneider_G433
a550810-4361240-070819-472_D01,Schneider_G434
a550810-4361240-070819-472_D02,Schneider_G435
a550810-4361240-070819-472_D03,Schneider_G436
a550810-4361240-070819-472_D04,Schneider_G437
a550810-4361240-070819-472_D05,Schneider_G438
a550810-4361240-070819-472_D06,Schneider_G439
a550810-4361240-070819-472_D07,Schneider_G440
a550810-4361240-070819-472_D08,Schneider_G441
a550810-4361240-070819-472_D09,Schneider_G442
a550810-4361240-070819-472_D10,Schneider_G443
a550810-4361240-070819-472_D11,Schneider_G444
a550810-4361240-070819-472_D12,Schneider_G445
a550810-4361240-070819-472_E01,Schneider_G446
a550810-4361240-070819-472_E02,Schneider_G447
a550810-4361240-070819-472_E03,Schneider_G448
a550810-4361240-070819-472_E04,Schneider_G449
a550810-4361240-070819-472_E05,Schneider_G450
a550810-4361240-070819-472_E06,Schneider_G451
a550810-4361240-070819-472_E07,Schneider_G452
a550810-4361240-070819-472_E08,Schneider_G453
a550810-4361240-070819-472_E09,Schneider_G454
a550810-4361240-070819-472_E10,Schneider_G455
a550810-4361240-070819-472_E11,Schneider_G456
a550810-4361240-070819-472_E12,Schneider_G457
a550810-4361240-070819-472_F01,Schneider_G458
a550810-4361240-070819-472_F02,Schneider_G459
a550810-4361240-070819-472_F03,Schneider_G460
a550810-4361240-070819-472_F04,Schneider_G461
a550810-4361240-070819-472_F05,Schneider_G462
a550810-4361240-070819-472_F06,Schneider_G463
a550810-4361240-070819-472_F07,Schneider_G464
a550810-4361240-070819-472_F08,Schneider_G465
a550810-4361240-070819-472_F09,Schneider_G466
a550810-4361240-070819-472_F10,Schneider_G467
a550810-4361240-070819-472_F11,Schneider_G468
a550810-4361240-070819-472_F12,Schneider_G469
a550810-4361240-070819-472_G01,Schneider_G470
a550810-4361240-070819-472_G02,Schneider_B55
a550810-4361240-070819-472_G03,Schneider_B56
a550810-4361240-070819-472_G04,Schneider_B57
a550810-4361240-070819-472_G05,Schneider_B60
a550810-4361240-070819-472_G06,Schneider_B61
a550810-4361240-070819-472_G07,Schneider_B62
a550810-4361240-070819-472_G08,Schneider_B65
a550810-4361240-070819-472_G09,Schneider_B66
a550810-4361240-070819-472_G10,Schneider_B67
a550810-4361240-070819-472_G11,Schneider_B70
a550810-4361240-070819-472_G12,Schneider_B71
a550810-4361240-070819-472_H01,Schneider_B72
a550810-4361240-070819-472_H02,Schneider_B75
a550810-4361240-070819-472_H03,Schneider_B76
a550810-4361240-070819-472_H04,Schneider_B77
a550810-4361240-070819-472_H05,Schneider_B80
a550810-4361240-070819-472_H06,Schneider_B81
a550810-4361240-070819-472_H07,Schneider_B82
a550810-4361240-070819-472_H08,Schneider_B85
a550810-4361240-070819-472_H09,Schneider_B86
a550810-4361240-070819-472_H10,Schneider_B87
a550810-4361240-070819-472_H11,Schneider_B90
a550810-4361240-070819-472_H12,Schneider_B91
a550810-4369995-123019-008_A01,Schneider_H471
a550810-4369995-123019-008_A02,Schneider_H472
a550810-4369995-123019-008_A03,Schneider_H473
a550810-4369995-123019-008_A04,Schneider_H474
a550810-4369995-123019-008_A05,Schneider_H475
a550810-4369995-123019-008_A06,Schneider_H476
a550810-4369995-123019-008_A07,Schneider_H477
a550810-4369995-123019-008_A08,Schneider_H478
a550810-4369995-123019-008_A09,Schneider_H479
a550810-4369995-123019-008_A10,Schneider_H480
a550810-4369995-123019-008_A11,Schneider_H481
a550810-4369995-123019-008_A12,Schneider_H482
a550810-4369995-123019-008_B01,Schneider_H483
a550810-4369995-123019-008_B02,Schneider_H484
a550810-4369995-123019-008_B03,Schneider_H485
a550810-4369995-123019-008_B04,Schneider_H486
a550810-4369995-123019-008_B05,Schneider_H487
a550810-4369995-123019-008_B06,Schneider_H488
a550810-4369995-123019-008_B07,Schneider_H489
a550810-4369995-123019-008_B08,Schneider_H490
a550810-4369995-123019-008_B09,Schneider_H491
a550810-4369995-123019-008_B10,Schneider_H492
a550810-4369995-123019-008_B11,Schneider_H493
a550810-4369995-123019-008_B12,Schneider_H494
a550810-4369995-123019-008_C01,Schneider_H495
a550810-4369995-123019-008_C02,Schneider_H496
a550810-4369995-123019-008_C03,Schneider_H497
a550810-4369995-123019-008_C04,Schneider_H498
a550810-4369995-123019-008_C05,Schneider_H499
a550810-4369995-123019-008_C06,Schneider_H500
a550810-4369995-123019-008_C07,Schneider_H501
a550810-4369995-123019-008_C08,Schneider_H502
a550810-4369995-123019-008_C09,Schneider_H503
a550810-4369995-123019-008_C10,Schneider_H504
a550810-4369995-123019-008_C11,Schneider_H505
a550810-4369995-123019-008_C12,Schneider_H506
a550810-4369995-123019-008_D01,Schneider_H507
a550810-4369995-123019-008_D02,Schneider_H508
a550810-4369995-123019-008_D03,Schneider_H509
a550810-4369995-123019-008_D04,Schneider_H510
a550810-4369995-123019-008_D05,Schneider_H511
a550810-4369995-123019-008_D06,Schneider_H512
a550810-4369995-123019-008_D07,Schneider_H513
a550810-4369995-123019-008_D08,Schneider_H514
a550810-4369995-123019-008_D09,Schneider_H515
a550810-4369995-123019-008_D10,Schneider_H516
a550810-4369995-123019-008_D11,Schneider_H517
a550810-4369995-123019-008_D12,Schneider_H518
a550810-4369995-123019-008_E01,Schneider_H519
a550810-4369995-123019-008_E02,Schneider_H520
a550810-4369995-123019-008_E03,Schneider_H521
a550810-4369995-123019-008_E04,Schneider_H522
a550810-4369995-123019-008_E05,Schneider_H523
a550810-4369995-123019-008_E06,Schneider_H524
a550810-4369995-123019-008_E07,Schneider_H525
a550810-4369995-123019-008_E08,Schneider_H526
a550810-4369995-123019-008_E09,Schneider_H527
a550810-4369995-123019-008_E10,Schneider_H528
a550810-4369995-123019-008_E11,Schneider_H529
a550810-4369995-123019-008_E12,Schneider_H530
a550810-4369995-123019-008_F01,Schneider_H531
a550810-4369995-123019-008_F02,Schneider_H532
a550810-4369995-123019-008_F03,Schneider_H533
a550810-4369995-123019-008_F04,Schneider_H534
a550810-4369995-123019-008_F05,Schneider_H535
a550810-4369995-123019-008_F06,Schneider_H536
a550810-4369995-123019-008_F07,Schneider_H537
a550810-4369995-123019-008_F08,Schneider_H538
a550810-4369995-123019-008_F09,Schneider_H539
a550810-4369995-123019-008_F10,Schneider_H540
a550810-4369995-123019-008_F11,Schneider_H541
a550810-4369995-123019-008_F12,Schneider_H542
a550810-4369995-123019-008_G01,Schneider_H543
a550810-4369995-123019-008_G02,Schneider_H544
a550810-4369995-123019-008_G03,Schneider_H545
a550810-4369995-123019-008_G04,Schneider_H546
a550810-4369995-123019-008_G05,Schneider_H547
a550810-4369995-123019-008_G06,Schneider_H548
a550810-4369995-123019-008_G07,Schneider_H549
a550810-4369995-123019-008_G08,Schneider_H550
a550810-4369995-123019-008_G09,Schneider_G398.1
a550810-4369995-123019-008_G10,Schneider_G418.1
a550810-4369995-123019-008_G11,Schneider_G430.1
a550810-4369995-123019-008_G12,Schneider_G434.1
a550810-4369995-123019-008_H01,Schneider_G458.1
a550810-4369995-123019-008_H02,Schneider_G459.1
a550810-4369995-123019-008_H03,Schneider_D172.1
a550810-4369995-123019-008_H04,Schneider_B55.1
a550810-4369995-123019-008_H05,Schneider_B86.1
a550810-4369995-123019-008_H06,Schneider_B87.1
a550810-4369995-123019-008_H07,Schneider_B91.1
a550810-4369995-123019-008_H08,Schneider_B92
a550810-4369995-123019-008_H09,ACOD1WT1
a550810-4369995-123019-008_H10,ACOD1WT2
a550810-4369995-123019-008_H11,ACOD1Mut1
a550810-4369995-123019-008_H12,ACOD1Mut2